id_cliente,id_factura,monto_factura,dias_atraso,historial_pago,frecuencia_disputas,sentiment_email,riesgo,accion_recomendada,fecha_factura
C326,F0001,7725,27,12,0,negative,high,call,2026-05-17
C24,F0002,19214,0,19,1,neutral,medium,statement,2026-06-12
C486,F0003,33371,17,19,3,negative,high,call,2026-05-23
C294,F0004,8725,6,12,3,negative,high,call,2026-05-21
C192,F0005,17012,1,3,1,negative,high,call,2026-05-08
C388,F0006,34815,17,3,0,positive,high,call,2026-06-11
C442,F0007,47652,22,8,2,negative,high,call,2026-06-23
C35,F0008,8337,22,7,2,negative,high,call,2026-06-21
C325,F0009,21650,22,11,0,neutral,high,call,2026-06-19
C269,F0010,22242,12,5,1,negative,high,call,2026-06-21
C153,F0011,28315,5,11,2,neutral,medium,statement,2026-05-04
C240,F0012,21844,28,3,1,neutral,high,call,2026-06-21
C154,F0013,8434,30,3,2,neutral,high,call,2026-05-04
C312,F0014,12067,11,10,1,positive,medium,statement,2026-06-27
C213,F0015,34803,26,7,3,neutral,high,call,2026-05-19
C128,F0016,6770,10,10,1,positive,medium,statement,2026-06-14
C454,F0017,35739,3,2,0,negative,high,call,2026-05-18
C225,F0018,13493,11,11,3,positive,medium,statement,2026-06-04
C225,F0019,23402,0,8,3,negative,high,call,2026-06-14
C99,F0020,11193,30,8,0,neutral,high,call,2026-05-01
C179,F0021,28159,28,14,3,negative,high,call,2026-05-17
C375,F0022,11369,5,11,3,neutral,medium,statement,2026-05-31
C337,F0023,32292,6,12,3,neutral,medium,statement,2026-06-04
C251,F0024,5369,26,15,3,neutral,high,call,2026-05-15
C403,F0025,12428,12,9,3,negative,high,call,2026-05-25
C330,F0026,27827,14,4,1,negative,high,call,2026-06-15
C186,F0027,20668,6,16,1,positive,medium,statement,2026-05-31
C162,F0028,6583,5,18,2,neutral,medium,statement,2026-05-24
C209,F0029,48518,30,17,0,negative,high,call,2026-05-11
C302,F0030,17685,11,13,1,neutral,medium,statement,2026-05-02
C400,F0031,42110,14,17,2,positive,medium,statement,2026-06-21
C361,F0032,21873,6,5,2,positive,medium,statement,2026-05-05
C398,F0033,42760,7,10,2,neutral,medium,statement,2026-06-17
C45,F0034,13907,16,11,3,negative,high,call,2026-06-02
C84,F0035,32020,6,18,2,negative,high,call,2026-05-29
C336,F0036,27988,13,11,2,positive,medium,statement,2026-05-20
C25,F0037,6589,15,10,3,neutral,medium,statement,2026-05-07
C457,F0038,8322,18,11,1,negative,high,call,2026-06-21
C324,F0039,12772,5,14,2,positive,medium,statement,2026-06-19
C46,F0040,47919,14,14,1,negative,high,call,2026-05-07
C161,F0041,28090,10,13,3,neutral,medium,statement,2026-05-12
C128,F0042,48505,21,10,2,neutral,high,call,2026-05-04
C58,F0043,7612,18,8,2,negative,high,call,2026-05-23
C148,F0044,16822,17,5,0,neutral,high,call,2026-06-12
C351,F0045,6385,25,19,3,positive,high,call,2026-05-15
C287,F0046,29535,9,18,3,positive,medium,statement,2026-05-12
C185,F0047,10819,7,12,0,neutral,medium,statement,2026-06-24
C62,F0048,41867,6,7,0,negative,high,call,2026-05-26
C431,F0049,48503,22,18,2,negative,high,call,2026-05-02
C86,F0050,47949,25,19,0,positive,high,call,2026-06-04
C286,F0051,19177,16,10,3,neutral,high,call,2026-06-07
C330,F0052,21240,18,17,0,neutral,high,call,2026-06-14
C214,F0053,29340,24,15,2,positive,high,call,2026-05-06
C463,F0054,36875,7,4,0,neutral,medium,statement,2026-06-10
C179,F0055,10623,11,2,0,neutral,medium,statement,2026-06-13
C301,F0056,23440,27,13,1,negative,high,call,2026-06-12
C299,F0057,5524,14,8,3,negative,high,call,2026-05-05
C79,F0058,8477,0,3,3,negative,high,call,2026-05-05
C428,F0059,34571,24,6,0,positive,high,call,2026-05-09
C112,F0060,21182,18,7,0,positive,high,call,2026-05-05
C305,F0061,48182,23,12,0,neutral,high,call,2026-05-13
C135,F0062,5642,22,18,0,negative,high,call,2026-06-22
C322,F0063,27759,9,18,3,positive,medium,statement,2026-06-22
C25,F0064,29089,4,14,3,positive,low,reminder,2026-05-12
C14,F0065,34335,4,4,2,negative,high,call,2026-06-26
C126,F0066,49731,4,6,2,positive,low,reminder,2026-05-07
C112,F0067,11302,16,6,1,positive,high,call,2026-05-01
C258,F0068,13765,17,6,0,positive,high,call,2026-05-17
C377,F0069,18527,19,10,2,negative,high,call,2026-05-09
C291,F0070,38889,4,12,0,negative,high,call,2026-05-29
C18,F0071,30290,21,9,0,neutral,high,call,2026-05-14
C449,F0072,10179,20,20,3,positive,high,call,2026-06-10
C177,F0073,41378,18,10,1,positive,high,call,2026-05-05
C135,F0074,7195,18,9,0,neutral,high,call,2026-05-08
C351,F0075,23815,19,9,2,neutral,high,call,2026-05-21
C371,F0076,5926,29,17,2,negative,high,call,2026-06-01
C351,F0077,5987,8,20,0,negative,high,call,2026-06-09
C391,F0078,19799,17,17,0,negative,high,call,2026-05-28
C344,F0079,5376,26,11,0,neutral,high,call,2026-06-02
C401,F0080,25098,24,7,2,neutral,high,call,2026-06-23
C393,F0081,28099,3,15,0,negative,high,call,2026-05-19
C219,F0082,27261,14,9,3,positive,medium,statement,2026-05-02
C116,F0083,27381,25,2,2,positive,high,call,2026-05-27
C378,F0084,20287,6,14,0,neutral,medium,statement,2026-05-20
C308,F0085,30546,7,12,3,positive,medium,statement,2026-05-04
C284,F0086,25108,22,19,1,negative,high,call,2026-06-27
C377,F0087,39485,2,3,3,neutral,medium,statement,2026-05-03
C75,F0088,32658,15,2,1,negative,high,call,2026-05-28
C414,F0089,25528,19,14,0,negative,high,call,2026-05-25
C386,F0090,48985,30,2,3,positive,high,call,2026-06-17
C498,F0091,43628,21,3,2,positive,high,call,2026-06-13
C280,F0092,35451,22,6,3,positive,high,call,2026-05-10
C137,F0093,17547,2,7,3,neutral,medium,statement,2026-05-03
C8,F0094,24422,10,10,3,positive,medium,statement,2026-05-24
C1,F0095,15962,2,15,1,negative,high,call,2026-06-19
C162,F0096,31493,20,17,3,negative,high,call,2026-06-29
C429,F0097,6966,7,13,3,neutral,medium,statement,2026-06-27
C328,F0098,36170,14,8,3,neutral,medium,statement,2026-05-01
C300,F0099,13952,20,14,0,negative,high,call,2026-06-01
C5,F0100,44742,30,3,2,negative,high,call,2026-05-30
C405,F0101,18634,3,7,2,positive,low,reminder,2026-05-12
C131,F0102,48793,3,20,0,positive,low,reminder,2026-06-13
C301,F0103,41530,1,7,1,negative,high,call,2026-06-22
C21,F0104,17539,29,6,1,negative,high,call,2026-06-06
C364,F0105,20887,3,6,2,negative,high,call,2026-06-06
C252,F0106,34483,5,17,3,negative,high,call,2026-06-18
C169,F0107,25686,10,8,3,positive,medium,statement,2026-06-14
C389,F0108,32287,9,5,3,negative,high,call,2026-06-18
C411,F0109,39722,19,12,1,positive,high,call,2026-05-09
C231,F0110,30442,14,12,2,neutral,medium,statement,2026-05-16
C491,F0111,41440,4,11,0,neutral,medium,statement,2026-06-23
C420,F0112,32113,16,4,3,positive,high,call,2026-06-22
C268,F0113,8785,21,15,2,positive,high,call,2026-06-01
C93,F0114,9022,20,19,0,neutral,high,call,2026-05-19
C489,F0115,17227,27,4,1,positive,high,call,2026-05-05
C465,F0116,36594,24,4,2,neutral,high,call,2026-06-26
C409,F0117,18732,15,13,2,negative,high,call,2026-06-08
C153,F0118,30287,14,18,1,positive,medium,statement,2026-06-14
C235,F0119,33364,8,5,2,neutral,medium,statement,2026-05-10
C427,F0120,17133,24,10,2,negative,high,call,2026-06-01
C143,F0121,49473,4,17,2,neutral,medium,statement,2026-06-13
C439,F0122,34665,5,6,2,neutral,medium,statement,2026-06-07
C105,F0123,46196,2,18,3,neutral,medium,statement,2026-05-07
C141,F0124,39363,14,11,0,neutral,medium,statement,2026-05-29
C442,F0125,37325,14,7,0,positive,medium,statement,2026-06-20
C66,F0126,22191,25,3,3,neutral,high,call,2026-05-04
C377,F0127,46555,24,7,2,neutral,high,call,2026-05-04
C339,F0128,49176,15,13,2,neutral,medium,statement,2026-06-05
C161,F0129,29537,2,2,1,negative,high,call,2026-06-03
C16,F0130,15231,14,15,1,negative,high,call,2026-06-21
C42,F0131,22329,6,4,1,positive,medium,statement,2026-05-21
C411,F0132,27187,6,9,0,positive,medium,statement,2026-06-25
C162,F0133,21005,29,19,3,negative,high,call,2026-06-10
C463,F0134,34375,9,4,3,neutral,medium,statement,2026-06-18
C476,F0135,35003,7,13,2,positive,medium,statement,2026-06-30
C384,F0136,10495,12,4,3,neutral,medium,statement,2026-06-13
C241,F0137,27091,17,5,2,negative,high,call,2026-05-06
C411,F0138,46309,20,19,2,positive,high,call,2026-05-08
C438,F0139,47508,12,2,2,neutral,medium,statement,2026-06-08
C206,F0140,8126,22,13,2,neutral,high,call,2026-05-25
C5,F0141,17230,29,10,1,neutral,high,call,2026-05-29
C165,F0142,48392,4,16,3,positive,low,reminder,2026-05-02
C250,F0143,9820,26,11,0,neutral,high,call,2026-06-20
C150,F0144,36954,26,3,3,positive,high,call,2026-05-12
C336,F0145,16420,16,7,2,negative,high,call,2026-06-26
C256,F0146,10442,26,16,3,negative,high,call,2026-06-12
C464,F0147,31662,8,18,2,neutral,medium,statement,2026-05-22
C407,F0148,28690,12,10,1,neutral,medium,statement,2026-05-05
C170,F0149,31008,16,19,3,negative,high,call,2026-05-27
C133,F0150,32309,9,4,2,negative,high,call,2026-06-05
C492,F0151,21975,3,12,1,negative,high,call,2026-06-16
C62,F0152,41770,9,2,1,positive,medium,statement,2026-06-11
C74,F0153,29960,12,2,3,neutral,medium,statement,2026-06-18
C312,F0154,38364,13,7,1,negative,high,call,2026-06-21
C305,F0155,13827,15,7,3,negative,high,call,2026-05-19
C60,F0156,12778,29,10,1,negative,high,call,2026-05-12
C134,F0157,37053,13,2,2,negative,high,call,2026-05-02
C145,F0158,31139,22,7,2,negative,high,call,2026-05-03
C336,F0159,40127,3,15,2,neutral,medium,statement,2026-06-10
C232,F0160,22927,23,14,1,positive,high,call,2026-05-23
C22,F0161,15331,12,20,1,neutral,medium,statement,2026-05-20
C130,F0162,6449,23,4,0,positive,high,call,2026-06-08
C394,F0163,48952,6,16,1,positive,medium,statement,2026-06-25
C330,F0164,48964,13,14,1,neutral,medium,statement,2026-05-18
C192,F0165,39492,7,2,2,neutral,medium,statement,2026-06-27
C410,F0166,39605,29,18,1,positive,high,call,2026-06-12
C250,F0167,5489,11,6,0,negative,high,call,2026-06-28
C112,F0168,10429,18,15,3,neutral,high,call,2026-06-20
C40,F0169,49507,11,2,1,neutral,medium,statement,2026-06-11
C110,F0170,11438,15,5,0,negative,high,call,2026-06-15
C260,F0171,23327,18,16,2,positive,high,call,2026-05-05
C215,F0172,13047,8,19,3,neutral,medium,statement,2026-05-06
C324,F0173,31408,15,10,2,positive,medium,statement,2026-06-29
C223,F0174,18252,11,17,2,positive,medium,statement,2026-06-19
C464,F0175,18133,6,10,0,neutral,medium,statement,2026-06-22
C279,F0176,21120,12,6,1,positive,medium,statement,2026-06-03
C323,F0177,17757,18,6,3,positive,high,call,2026-05-07
C456,F0178,21171,15,20,2,neutral,medium,statement,2026-06-24
C73,F0179,12675,11,9,3,positive,medium,statement,2026-06-02
C100,F0180,17057,12,5,0,positive,medium,statement,2026-05-01
C125,F0181,36971,24,11,0,negative,high,call,2026-05-28
C143,F0182,6057,18,11,3,negative,high,call,2026-06-04
C433,F0183,10098,1,5,3,positive,low,reminder,2026-05-26
C238,F0184,33292,11,9,3,negative,high,call,2026-05-31
C175,F0185,10345,28,6,2,positive,high,call,2026-06-04
C476,F0186,30081,19,9,1,negative,high,call,2026-05-26
C8,F0187,27555,5,19,3,positive,medium,statement,2026-05-10
C242,F0188,16597,11,3,1,positive,medium,statement,2026-05-15
C481,F0189,36523,13,9,3,positive,medium,statement,2026-05-23
C165,F0190,37566,3,8,0,neutral,medium,statement,2026-05-11
C224,F0191,30473,2,13,3,negative,high,call,2026-06-28
C290,F0192,41698,1,14,2,negative,high,call,2026-05-26
C321,F0193,38528,15,20,3,negative,high,call,2026-05-24
C195,F0194,17260,10,9,2,negative,high,call,2026-06-15
C229,F0195,14091,19,7,0,positive,high,call,2026-05-13
C200,F0196,12368,10,9,1,positive,medium,statement,2026-05-05
C109,F0197,30611,16,15,1,negative,high,call,2026-06-30
C197,F0198,28288,24,2,2,positive,high,call,2026-05-24
C85,F0199,17692,26,9,2,negative,high,call,2026-05-29
C389,F0200,21108,21,16,1,positive,high,call,2026-05-16
C69,F0201,24114,1,9,1,positive,low,reminder,2026-05-18
C297,F0202,35526,22,3,3,negative,high,call,2026-05-04
C148,F0203,29992,7,15,0,positive,medium,statement,2026-05-17
C448,F0204,5125,29,14,1,negative,high,call,2026-06-24
C389,F0205,16245,22,11,2,positive,high,call,2026-06-07
C73,F0206,20965,22,18,0,negative,high,call,2026-05-26
C120,F0207,33653,12,16,0,negative,high,call,2026-05-22
C61,F0208,30192,25,4,3,negative,high,call,2026-06-05
C83,F0209,49970,7,5,0,neutral,medium,statement,2026-05-18
C11,F0210,31478,3,18,2,neutral,medium,statement,2026-05-05
C463,F0211,19972,24,14,2,negative,high,call,2026-06-26
C452,F0212,16763,27,16,3,neutral,high,call,2026-06-13
C163,F0213,43217,25,20,2,neutral,high,call,2026-05-22
C191,F0214,46645,17,9,0,positive,high,call,2026-06-27
C176,F0215,32936,25,4,1,neutral,high,call,2026-05-22
C448,F0216,34703,19,15,0,neutral,high,call,2026-06-12
C136,F0217,11910,11,14,2,negative,high,call,2026-05-03
C106,F0218,44120,6,14,3,positive,medium,statement,2026-06-11
C426,F0219,33599,7,15,1,neutral,medium,statement,2026-06-16
C486,F0220,5617,13,12,0,positive,medium,statement,2026-06-06
C161,F0221,17808,7,13,1,positive,medium,statement,2026-06-20
C225,F0222,14407,23,11,0,neutral,high,call,2026-05-12
C328,F0223,29179,29,6,0,neutral,high,call,2026-06-27
C30,F0224,16873,26,16,1,positive,high,call,2026-06-25
C441,F0225,36665,23,10,3,neutral,high,call,2026-06-13
C488,F0226,28459,9,19,0,positive,medium,statement,2026-06-10
C95,F0227,39009,19,9,0,positive,high,call,2026-06-03
C238,F0228,47807,5,16,3,positive,medium,statement,2026-06-16
C452,F0229,30966,22,2,0,positive,high,call,2026-05-23
C94,F0230,40869,23,16,3,positive,high,call,2026-06-04
C419,F0231,17848,29,11,3,positive,high,call,2026-05-16
C337,F0232,14497,16,16,1,neutral,high,call,2026-06-25
C207,F0233,39669,2,6,0,positive,low,reminder,2026-05-22
C264,F0234,5371,14,13,2,positive,medium,statement,2026-06-02
C456,F0235,30941,26,10,3,positive,high,call,2026-06-03
C127,F0236,9159,6,6,0,positive,medium,statement,2026-05-06
C46,F0237,7453,26,6,1,positive,high,call,2026-05-19
C112,F0238,25895,12,8,2,positive,medium,statement,2026-05-04
C213,F0239,39055,16,11,0,positive,high,call,2026-05-10
C328,F0240,39667,20,19,2,positive,high,call,2026-06-13
C20,F0241,17820,1,4,3,positive,low,reminder,2026-06-19
C453,F0242,41317,0,5,1,neutral,medium,statement,2026-05-15
C409,F0243,46452,16,2,3,neutral,high,call,2026-05-28
C45,F0244,36344,15,8,3,positive,medium,statement,2026-06-18
C175,F0245,9211,7,14,0,negative,high,call,2026-05-13
C378,F0246,14619,27,13,0,positive,high,call,2026-06-04
C3,F0247,49978,7,5,0,positive,medium,statement,2026-05-02
C42,F0248,49088,21,19,2,positive,high,call,2026-05-07
C199,F0249,11976,30,14,2,neutral,high,call,2026-06-16
C297,F0250,25452,4,19,0,positive,low,reminder,2026-06-20
C164,F0251,29455,2,4,0,negative,high,call,2026-06-05
C299,F0252,33169,16,7,2,positive,high,call,2026-06-24
C227,F0253,14881,26,16,2,negative,high,call,2026-06-18
C494,F0254,5175,26,3,1,neutral,high,call,2026-05-13
C60,F0255,11367,11,20,1,negative,high,call,2026-06-21
C144,F0256,46689,20,18,3,neutral,high,call,2026-05-15
C180,F0257,33985,10,10,1,positive,medium,statement,2026-06-06
C233,F0258,22497,9,19,2,neutral,medium,statement,2026-06-11
C245,F0259,47295,25,8,2,negative,high,call,2026-05-09
C327,F0260,42808,3,18,0,negative,high,call,2026-05-14
C291,F0261,23979,18,12,1,positive,high,call,2026-06-28
C228,F0262,17216,9,11,3,neutral,medium,statement,2026-05-11
C81,F0263,42853,21,7,1,neutral,high,call,2026-05-02
C157,F0264,7952,29,2,0,negative,high,call,2026-05-20
C157,F0265,35254,6,2,2,neutral,medium,statement,2026-05-05
C41,F0266,29444,9,3,0,positive,medium,statement,2026-06-14
C224,F0267,10088,3,12,2,positive,low,reminder,2026-05-02
C477,F0268,19094,14,11,3,positive,medium,statement,2026-06-13
C111,F0269,49922,1,20,1,positive,low,reminder,2026-06-30
C218,F0270,10608,4,18,2,negative,high,call,2026-06-28
C475,F0271,17172,11,5,3,neutral,medium,statement,2026-05-21
C21,F0272,13784,28,12,2,neutral,high,call,2026-06-14
C91,F0273,28700,3,20,2,negative,high,call,2026-05-12
C141,F0274,47568,22,8,1,neutral,high,call,2026-05-30
C25,F0275,20104,1,16,2,positive,low,reminder,2026-06-18
C90,F0276,20401,12,4,0,neutral,medium,statement,2026-06-16
C17,F0277,28980,9,8,1,negative,high,call,2026-05-24
C191,F0278,46876,3,16,2,positive,low,reminder,2026-05-12
C259,F0279,40606,3,18,3,positive,low,reminder,2026-05-23
C197,F0280,5147,3,18,0,neutral,medium,statement,2026-05-19
C387,F0281,41128,26,5,0,neutral,high,call,2026-05-16
C345,F0282,12312,2,17,3,neutral,medium,statement,2026-06-25
C457,F0283,14385,16,9,1,positive,high,call,2026-06-16
C32,F0284,46293,10,9,0,positive,medium,statement,2026-05-08
C443,F0285,8857,16,5,1,neutral,high,call,2026-05-16
C358,F0286,33329,12,7,0,positive,medium,statement,2026-05-27
C424,F0287,31057,11,11,0,negative,high,call,2026-05-06
C254,F0288,14728,8,12,3,positive,medium,statement,2026-06-20
C72,F0289,13851,3,7,3,positive,low,reminder,2026-05-02
C271,F0290,30750,17,4,0,neutral,high,call,2026-06-18
C375,F0291,12577,2,19,3,positive,low,reminder,2026-06-08
C273,F0292,30752,23,7,1,positive,high,call,2026-06-05
C321,F0293,6427,22,11,3,positive,high,call,2026-05-09
C183,F0294,15286,17,18,2,neutral,high,call,2026-06-25
C447,F0295,23438,10,13,0,negative,high,call,2026-06-26
C163,F0296,32466,6,6,1,negative,high,call,2026-06-23
C143,F0297,21480,24,3,0,neutral,high,call,2026-05-30
C264,F0298,9432,30,5,0,positive,high,call,2026-05-11
C439,F0299,17938,27,12,2,negative,high,call,2026-06-10
C431,F0300,28573,13,17,1,neutral,medium,statement,2026-05-17
C356,F0301,18371,19,15,0,positive,high,call,2026-06-30
C392,F0302,27019,21,19,3,negative,high,call,2026-05-28
C396,F0303,22481,17,20,2,neutral,high,call,2026-06-18
C374,F0304,38848,0,7,2,neutral,medium,statement,2026-05-15
C58,F0305,32124,19,18,3,negative,high,call,2026-05-09
C88,F0306,41750,9,13,0,positive,medium,statement,2026-05-01
C417,F0307,5661,29,10,0,negative,high,call,2026-05-04
C397,F0308,49098,5,9,2,neutral,medium,statement,2026-06-10
C423,F0309,9075,5,2,2,positive,medium,statement,2026-06-14
C282,F0310,16084,30,19,2,neutral,high,call,2026-06-12
C491,F0311,34009,15,4,0,negative,high,call,2026-06-02
C480,F0312,26276,29,11,1,negative,high,call,2026-05-27
C117,F0313,23426,19,6,0,neutral,high,call,2026-05-07
C487,F0314,32883,0,10,0,neutral,medium,statement,2026-05-04
C204,F0315,44726,6,4,1,positive,medium,statement,2026-06-30
C474,F0316,35111,17,2,1,neutral,high,call,2026-05-08
C231,F0317,5527,14,6,0,negative,high,call,2026-05-12
C427,F0318,43366,4,19,0,neutral,medium,statement,2026-05-13
C483,F0319,27438,0,18,2,positive,low,reminder,2026-05-01
C383,F0320,5880,16,16,2,negative,high,call,2026-05-14
C79,F0321,40327,29,17,0,positive,high,call,2026-05-08
C110,F0322,32600,26,10,0,negative,high,call,2026-05-06
C340,F0323,10458,15,10,1,neutral,medium,statement,2026-06-11
C196,F0324,42161,20,11,1,neutral,high,call,2026-05-28
C31,F0325,9951,19,15,3,neutral,high,call,2026-05-29
C396,F0326,31445,13,13,2,negative,high,call,2026-06-28
C351,F0327,6266,13,2,0,negative,high,call,2026-06-27
C20,F0328,13997,29,2,2,neutral,high,call,2026-05-21
C481,F0329,11254,17,8,3,neutral,high,call,2026-05-04
C385,F0330,19239,28,18,3,negative,high,call,2026-06-19
C76,F0331,28971,22,9,0,positive,high,call,2026-06-04
C62,F0332,48829,5,3,3,neutral,medium,statement,2026-06-22
C172,F0333,17969,26,8,1,neutral,high,call,2026-06-22
C266,F0334,18274,25,18,1,neutral,high,call,2026-06-27
C449,F0335,5954,8,11,1,negative,high,call,2026-05-08
C177,F0336,38354,4,19,0,negative,high,call,2026-05-01
C369,F0337,32512,25,7,1,neutral,high,call,2026-06-04
C422,F0338,17647,0,5,1,negative,high,call,2026-05-23
C251,F0339,30954,27,7,3,negative,high,call,2026-05-01
C123,F0340,27622,22,12,0,neutral,high,call,2026-05-09
C224,F0341,42975,30,11,0,neutral,high,call,2026-06-01
C251,F0342,44710,1,9,3,neutral,medium,statement,2026-05-19
C192,F0343,18873,24,13,2,negative,high,call,2026-05-29
C8,F0344,13071,4,4,1,neutral,medium,statement,2026-06-12
C203,F0345,15202,17,2,0,negative,high,call,2026-05-31
C184,F0346,49795,5,19,3,positive,medium,statement,2026-05-29
C322,F0347,17032,1,19,0,positive,low,reminder,2026-05-23
C245,F0348,5728,29,19,0,positive,high,call,2026-06-24
C250,F0349,30857,17,14,2,positive,high,call,2026-05-06
C331,F0350,19770,5,19,3,neutral,medium,statement,2026-05-25
C103,F0351,31675,13,16,1,positive,medium,statement,2026-05-19
C344,F0352,31152,14,5,2,positive,medium,statement,2026-05-30
C193,F0353,22009,14,5,3,neutral,medium,statement,2026-05-28
C28,F0354,12525,27,16,2,positive,high,call,2026-06-02
C7,F0355,28603,4,19,2,negative,high,call,2026-05-13
C102,F0356,29375,6,16,2,negative,high,call,2026-05-01
C89,F0357,8434,14,5,0,negative,high,call,2026-06-29
C307,F0358,32355,28,20,2,negative,high,call,2026-06-08
C388,F0359,34864,13,8,1,positive,medium,statement,2026-06-17
C450,F0360,49780,7,7,2,neutral,medium,statement,2026-05-13
C149,F0361,21557,2,20,2,positive,low,reminder,2026-05-15
C302,F0362,26080,15,9,0,negative,high,call,2026-05-05
C483,F0363,27892,8,5,2,negative,high,call,2026-05-08
C302,F0364,14011,3,12,2,negative,high,call,2026-06-05
C282,F0365,27353,24,2,0,negative,high,call,2026-05-25
C105,F0366,24965,7,6,1,negative,high,call,2026-05-27
C173,F0367,39371,22,8,0,neutral,high,call,2026-05-09
C271,F0368,46714,18,11,2,negative,high,call,2026-05-30
C401,F0369,21657,11,10,3,neutral,medium,statement,2026-06-06
C319,F0370,48129,28,5,3,negative,high,call,2026-05-21
C472,F0371,9984,11,16,3,neutral,medium,statement,2026-06-05
C418,F0372,9792,26,13,3,positive,high,call,2026-06-18
C469,F0373,30793,18,10,2,neutral,high,call,2026-05-01
C206,F0374,21108,11,18,3,negative,high,call,2026-06-04
C11,F0375,31898,15,3,0,neutral,medium,statement,2026-06-04
C199,F0376,26318,19,2,0,neutral,high,call,2026-06-11
C296,F0377,10423,5,17,3,neutral,medium,statement,2026-06-23
C123,F0378,45703,24,14,0,negative,high,call,2026-05-07
C273,F0379,28403,3,5,2,negative,high,call,2026-06-24
C303,F0380,28977,30,2,1,positive,high,call,2026-05-02
C456,F0381,30460,6,19,2,neutral,medium,statement,2026-05-14
C358,F0382,17778,14,4,3,negative,high,call,2026-06-21
C296,F0383,22948,19,2,1,negative,high,call,2026-06-23
C187,F0384,48198,27,13,1,negative,high,call,2026-06-07
C422,F0385,25764,26,11,1,negative,high,call,2026-05-18
C488,F0386,9266,13,11,1,positive,medium,statement,2026-06-28
C51,F0387,11282,13,14,3,negative,high,call,2026-06-30
C361,F0388,41207,2,3,1,neutral,medium,statement,2026-05-20
C374,F0389,26030,20,12,2,negative,high,call,2026-06-10
C372,F0390,20173,10,5,3,positive,medium,statement,2026-06-26
C421,F0391,46669,22,14,3,negative,high,call,2026-06-14
C290,F0392,8131,11,10,1,neutral,medium,statement,2026-05-21
C295,F0393,19286,18,10,1,negative,high,call,2026-05-12
C492,F0394,43080,28,19,2,negative,high,call,2026-06-24
C444,F0395,10680,13,15,3,negative,high,call,2026-05-01
C428,F0396,13969,21,14,1,neutral,high,call,2026-05-19
C280,F0397,11330,21,3,0,neutral,high,call,2026-06-21
C35,F0398,10868,29,15,3,positive,high,call,2026-05-15
C275,F0399,8229,20,12,3,positive,high,call,2026-05-23
C296,F0400,47759,9,7,0,neutral,medium,statement,2026-05-17
C397,F0401,6353,18,12,2,neutral,high,call,2026-06-30
C232,F0402,35619,2,2,3,negative,high,call,2026-06-15
C222,F0403,22237,13,19,2,neutral,medium,statement,2026-05-02
C120,F0404,33578,16,2,2,positive,high,call,2026-05-12
C322,F0405,25798,25,18,2,neutral,high,call,2026-06-21
C190,F0406,5494,29,7,1,neutral,high,call,2026-06-28
C248,F0407,12926,25,3,3,neutral,high,call,2026-05-08
C468,F0408,26711,13,15,1,positive,medium,statement,2026-06-17
C489,F0409,49161,1,17,0,neutral,medium,statement,2026-05-04
C50,F0410,27992,14,17,0,positive,medium,statement,2026-06-20
C74,F0411,24500,27,16,0,neutral,high,call,2026-05-09
C123,F0412,27486,11,3,0,neutral,medium,statement,2026-05-21
C347,F0413,15542,14,18,2,positive,medium,statement,2026-05-28
C409,F0414,8617,14,8,3,positive,medium,statement,2026-05-13
C488,F0415,44161,20,12,0,neutral,high,call,2026-06-21
C438,F0416,41937,20,14,0,neutral,high,call,2026-06-07
C204,F0417,30352,16,20,2,neutral,high,call,2026-06-10
C219,F0418,17419,5,6,2,neutral,medium,statement,2026-06-29
C4,F0419,16724,21,19,2,neutral,high,call,2026-06-11
C273,F0420,26609,12,14,2,negative,high,call,2026-06-12
C49,F0421,12799,20,5,3,negative,high,call,2026-05-20
C357,F0422,34484,24,16,1,positive,high,call,2026-06-06
C255,F0423,17715,11,9,3,neutral,medium,statement,2026-06-19
C242,F0424,25550,2,8,3,negative,high,call,2026-06-20
C64,F0425,6779,20,20,3,negative,high,call,2026-06-27
C218,F0426,39696,22,10,0,positive,high,call,2026-06-13
C394,F0427,31407,27,18,0,positive,high,call,2026-05-17
C38,F0428,12196,30,2,2,neutral,high,call,2026-05-26
C217,F0429,27780,9,6,3,neutral,medium,statement,2026-06-09
C304,F0430,44327,2,18,0,neutral,medium,statement,2026-06-07
C499,F0431,33450,14,18,1,neutral,medium,statement,2026-05-21
C466,F0432,6593,28,10,2,neutral,high,call,2026-05-02
C89,F0433,14900,18,6,3,negative,high,call,2026-06-13
C451,F0434,40516,20,19,2,positive,high,call,2026-06-24
C486,F0435,21484,9,16,3,positive,medium,statement,2026-05-18
C449,F0436,32467,1,2,2,positive,low,reminder,2026-06-25
C32,F0437,24991,21,8,1,negative,high,call,2026-06-21
C383,F0438,49786,27,20,3,positive,high,call,2026-06-27
C257,F0439,28387,27,10,3,neutral,high,call,2026-06-19
C323,F0440,15950,2,7,1,neutral,medium,statement,2026-05-15
C116,F0441,27616,6,14,1,negative,high,call,2026-05-27
C142,F0442,23310,19,6,3,neutral,high,call,2026-05-23
C326,F0443,8696,16,12,1,positive,high,call,2026-05-03
C318,F0444,38985,6,11,2,neutral,medium,statement,2026-06-03
C391,F0445,18576,1,17,0,negative,high,call,2026-06-03
C204,F0446,13848,20,4,0,positive,high,call,2026-06-05
C182,F0447,37175,13,17,3,negative,high,call,2026-05-12
C480,F0448,19568,30,9,3,positive,high,call,2026-06-23
C120,F0449,13409,9,7,3,positive,medium,statement,2026-06-21
C224,F0450,44119,0,14,3,negative,high,call,2026-05-09
C435,F0451,25748,20,17,2,neutral,high,call,2026-06-27
C329,F0452,32780,4,10,3,negative,high,call,2026-06-04
C54,F0453,42800,19,14,1,positive,high,call,2026-06-11
C179,F0454,24350,4,14,3,negative,high,call,2026-05-21
C363,F0455,16066,28,14,3,negative,high,call,2026-05-07
C478,F0456,40614,5,12,2,negative,high,call,2026-05-20
C488,F0457,12676,30,4,1,negative,high,call,2026-05-18
C33,F0458,5396,15,9,3,negative,high,call,2026-05-14
C96,F0459,21676,1,19,2,positive,low,reminder,2026-06-06
C102,F0460,9746,26,10,2,negative,high,call,2026-06-12
C219,F0461,15917,27,14,2,negative,high,call,2026-06-27
C218,F0462,18952,3,7,1,positive,low,reminder,2026-05-16
C44,F0463,47859,1,4,2,negative,high,call,2026-05-06
C453,F0464,48180,18,4,2,neutral,high,call,2026-05-08
C445,F0465,49064,28,8,2,positive,high,call,2026-05-13
C209,F0466,47491,12,15,2,neutral,medium,statement,2026-05-30
C279,F0467,16401,20,10,1,neutral,high,call,2026-05-11
C11,F0468,14642,21,8,3,negative,high,call,2026-05-18
C463,F0469,40106,7,11,1,negative,high,call,2026-06-02
C217,F0470,38239,27,3,3,neutral,high,call,2026-06-06
C265,F0471,31492,18,2,2,neutral,high,call,2026-05-17
C202,F0472,17166,25,17,2,positive,high,call,2026-06-09
C293,F0473,31539,11,12,0,positive,medium,statement,2026-06-04
C51,F0474,32364,9,18,3,negative,high,call,2026-06-22
C392,F0475,31219,19,19,0,neutral,high,call,2026-05-09
C48,F0476,17299,3,7,3,negative,high,call,2026-05-02
C178,F0477,37565,24,9,2,neutral,high,call,2026-05-17
C160,F0478,18037,28,10,3,neutral,high,call,2026-06-22
C144,F0479,15409,21,5,3,neutral,high,call,2026-06-01
C176,F0480,35519,30,15,0,positive,high,call,2026-06-27
C86,F0481,36868,6,6,3,positive,medium,statement,2026-05-05
C321,F0482,9826,23,4,2,negative,high,call,2026-06-03
C131,F0483,44342,23,6,1,neutral,high,call,2026-05-03
C261,F0484,48759,18,10,2,negative,high,call,2026-06-07
C353,F0485,32935,20,8,3,negative,high,call,2026-05-21
C261,F0486,35091,18,8,0,neutral,high,call,2026-05-08
C139,F0487,12088,16,8,3,negative,high,call,2026-06-04
C413,F0488,16235,25,17,3,positive,high,call,2026-05-05
C211,F0489,47546,11,8,3,neutral,medium,statement,2026-05-10
C129,F0490,33891,25,11,3,neutral,high,call,2026-06-08
C342,F0491,42991,23,3,0,negative,high,call,2026-06-11
C275,F0492,29006,3,15,2,positive,low,reminder,2026-05-02
C391,F0493,11183,23,14,3,neutral,high,call,2026-06-13
C53,F0494,31304,14,11,0,positive,medium,statement,2026-05-31
C29,F0495,9515,22,19,2,positive,high,call,2026-06-27
C121,F0496,7561,27,5,3,neutral,high,call,2026-06-15
C445,F0497,40544,24,9,2,negative,high,call,2026-06-06
C316,F0498,15231,2,18,0,neutral,medium,statement,2026-06-20
C186,F0499,12357,19,19,3,negative,high,call,2026-06-22
C4,F0500,46419,1,4,2,neutral,medium,statement,2026-06-27
C166,F0501,8178,5,13,0,positive,medium,statement,2026-06-30
C226,F0502,17115,9,11,0,neutral,medium,statement,2026-06-24
C499,F0503,6744,3,7,2,neutral,medium,statement,2026-05-13
C310,F0504,47901,21,18,2,negative,high,call,2026-05-01
C182,F0505,47483,1,14,2,negative,high,call,2026-05-28
C473,F0506,24652,3,5,3,neutral,medium,statement,2026-06-07
C161,F0507,48815,12,17,0,positive,medium,statement,2026-05-09
C7,F0508,34964,10,14,0,positive,medium,statement,2026-06-26
C136,F0509,43348,18,3,1,negative,high,call,2026-06-05
C397,F0510,27983,10,2,0,positive,medium,statement,2026-06-03
C491,F0511,31814,20,15,3,positive,high,call,2026-05-28
C479,F0512,28524,1,18,2,neutral,medium,statement,2026-06-25
C2,F0513,33482,18,7,3,negative,high,call,2026-05-29
C5,F0514,40147,12,19,1,negative,high,call,2026-05-23
C280,F0515,20779,18,6,2,positive,high,call,2026-05-27
C74,F0516,36940,14,18,0,negative,high,call,2026-05-22
C121,F0517,22911,21,13,2,negative,high,call,2026-05-11
C151,F0518,36657,7,17,3,neutral,medium,statement,2026-06-18
C6,F0519,14565,26,9,1,neutral,high,call,2026-05-05
C12,F0520,41124,16,19,0,negative,high,call,2026-06-04
C223,F0521,33408,29,4,0,neutral,high,call,2026-05-31
C177,F0522,31427,29,13,0,positive,high,call,2026-06-06
C123,F0523,17870,20,8,2,negative,high,call,2026-05-24
C102,F0524,8449,10,18,1,neutral,medium,statement,2026-06-05
C251,F0525,16238,19,9,2,positive,high,call,2026-05-10
C54,F0526,8285,22,2,3,positive,high,call,2026-06-08
C490,F0527,18906,26,17,0,neutral,high,call,2026-05-18
C401,F0528,12520,19,11,1,positive,high,call,2026-06-15
C472,F0529,15875,20,20,2,positive,high,call,2026-05-23
C475,F0530,12463,14,8,2,neutral,medium,statement,2026-05-28
C439,F0531,5427,23,2,3,neutral,high,call,2026-05-06
C371,F0532,18216,15,9,0,positive,medium,statement,2026-05-08
C404,F0533,20107,8,15,2,positive,medium,statement,2026-06-20
C162,F0534,24201,0,2,2,positive,low,reminder,2026-06-20
C25,F0535,10554,11,14,0,negative,high,call,2026-06-17
C296,F0536,36832,22,12,3,negative,high,call,2026-06-07
C273,F0537,20259,3,3,0,positive,low,reminder,2026-05-15
C317,F0538,22740,19,3,1,neutral,high,call,2026-06-13
C360,F0539,48357,30,12,2,positive,high,call,2026-05-31
C200,F0540,44201,15,15,2,positive,medium,statement,2026-05-14
C376,F0541,35531,8,5,2,negative,high,call,2026-05-10
C409,F0542,19372,1,5,0,positive,low,reminder,2026-05-04
C9,F0543,49697,23,17,1,neutral,high,call,2026-06-04
C284,F0544,48715,8,3,0,neutral,medium,statement,2026-05-12
C79,F0545,45445,10,17,0,positive,medium,statement,2026-05-01
C90,F0546,5534,10,16,0,neutral,medium,statement,2026-06-04
C34,F0547,49194,28,19,0,negative,high,call,2026-05-31
C76,F0548,20121,7,13,2,negative,high,call,2026-06-05
C242,F0549,26057,29,14,1,positive,high,call,2026-05-08
C290,F0550,30579,1,20,2,positive,low,reminder,2026-05-07
C361,F0551,8013,11,8,2,neutral,medium,statement,2026-05-19
C63,F0552,13788,13,12,2,neutral,medium,statement,2026-06-25
C292,F0553,28055,8,5,0,negative,high,call,2026-05-03
C346,F0554,6222,30,19,3,negative,high,call,2026-06-22
C444,F0555,20780,2,17,2,negative,high,call,2026-05-16
C224,F0556,20964,13,19,2,neutral,medium,statement,2026-06-01
C31,F0557,15211,30,11,2,positive,high,call,2026-05-12
C68,F0558,10338,24,7,0,neutral,high,call,2026-05-09
C207,F0559,16699,30,5,0,negative,high,call,2026-05-08
C170,F0560,10451,30,19,1,positive,high,call,2026-06-04
C348,F0561,39855,20,15,3,neutral,high,call,2026-06-10
C270,F0562,33507,14,14,1,neutral,medium,statement,2026-05-02
C26,F0563,29967,15,18,2,positive,medium,statement,2026-06-14
C392,F0564,35032,22,11,2,neutral,high,call,2026-06-01
C85,F0565,14840,26,16,3,negative,high,call,2026-06-25
C373,F0566,46204,24,8,0,positive,high,call,2026-05-20
C333,F0567,25840,3,15,1,neutral,medium,statement,2026-06-29
C59,F0568,28872,30,11,2,positive,high,call,2026-06-19
C288,F0569,17810,19,14,2,neutral,high,call,2026-05-06
C78,F0570,34714,5,11,1,positive,medium,statement,2026-06-28
C392,F0571,32543,9,16,2,neutral,medium,statement,2026-06-08
C269,F0572,19573,7,17,2,positive,medium,statement,2026-06-21
C495,F0573,22332,7,7,2,neutral,medium,statement,2026-05-22
C185,F0574,38450,8,3,2,neutral,medium,statement,2026-05-31
C456,F0575,31524,23,13,1,neutral,high,call,2026-05-20
C109,F0576,46364,4,8,1,positive,low,reminder,2026-06-26
C310,F0577,7832,0,11,3,neutral,medium,statement,2026-06-21
C373,F0578,44557,2,2,3,neutral,medium,statement,2026-05-21
C66,F0579,25750,11,18,0,negative,high,call,2026-06-15
C423,F0580,21411,26,7,0,positive,high,call,2026-06-26
C177,F0581,48882,27,19,0,neutral,high,call,2026-06-09
C40,F0582,40139,11,15,0,neutral,medium,statement,2026-05-10
C274,F0583,42241,20,16,1,negative,high,call,2026-06-13
C52,F0584,18787,2,11,0,neutral,medium,statement,2026-05-06
C458,F0585,45151,26,9,0,neutral,high,call,2026-06-14
C262,F0586,6575,7,7,2,negative,high,call,2026-06-02
C236,F0587,36700,24,6,1,positive,high,call,2026-05-26
C473,F0588,15825,24,18,2,positive,high,call,2026-06-15
C345,F0589,48097,19,18,2,neutral,high,call,2026-06-10
C463,F0590,42359,12,3,0,neutral,medium,statement,2026-05-17
C318,F0591,34026,19,17,1,positive,high,call,2026-05-18
C318,F0592,37309,20,8,3,positive,high,call,2026-06-03
C125,F0593,27360,29,13,0,positive,high,call,2026-05-06
C221,F0594,26012,2,19,2,neutral,medium,statement,2026-05-12
C413,F0595,42044,8,14,0,positive,medium,statement,2026-05-05
C237,F0596,42304,24,4,2,neutral,high,call,2026-06-21
C51,F0597,26596,23,13,1,positive,high,call,2026-05-31
C210,F0598,15738,5,7,2,neutral,medium,statement,2026-06-28
C325,F0599,36321,5,2,2,neutral,medium,statement,2026-06-28
C245,F0600,14084,27,16,1,negative,high,call,2026-06-26
C63,F0601,10859,23,2,1,negative,high,call,2026-06-12
C468,F0602,32782,1,5,3,negative,high,call,2026-05-21
C83,F0603,38213,19,20,0,negative,high,call,2026-06-14
C26,F0604,28321,2,13,3,neutral,medium,statement,2026-05-09
C376,F0605,29621,26,3,1,positive,high,call,2026-06-22
C268,F0606,20448,25,11,3,neutral,high,call,2026-06-15
C109,F0607,18281,30,12,0,neutral,high,call,2026-06-07
C22,F0608,20543,21,2,1,negative,high,call,2026-05-05
C13,F0609,7939,16,16,2,positive,high,call,2026-05-02
C472,F0610,25456,3,3,2,positive,low,reminder,2026-06-27
C151,F0611,39277,22,9,2,neutral,high,call,2026-05-19
C400,F0612,21264,16,11,0,positive,high,call,2026-05-17
C283,F0613,8235,21,3,3,positive,high,call,2026-06-27
C309,F0614,41171,18,17,1,positive,high,call,2026-05-05
C462,F0615,26766,2,13,2,positive,low,reminder,2026-05-13
C460,F0616,42672,28,12,0,positive,high,call,2026-06-01
C366,F0617,22072,20,17,2,positive,high,call,2026-05-24
C467,F0618,12532,1,2,0,negative,high,call,2026-06-02
C191,F0619,48848,0,20,1,positive,low,reminder,2026-06-03
C48,F0620,15769,14,17,3,neutral,medium,statement,2026-05-07
C147,F0621,22922,19,14,3,neutral,high,call,2026-05-28
C216,F0622,39464,13,18,1,neutral,medium,statement,2026-05-29
C86,F0623,22155,7,9,3,negative,high,call,2026-05-29
C252,F0624,42214,26,2,3,positive,high,call,2026-05-04
C322,F0625,39620,27,17,1,neutral,high,call,2026-05-23
C374,F0626,36441,17,4,1,neutral,high,call,2026-05-26
C351,F0627,30786,17,14,0,negative,high,call,2026-06-19
C209,F0628,13088,23,10,3,positive,high,call,2026-05-29
C250,F0629,44445,3,4,2,negative,high,call,2026-06-10
C342,F0630,26517,6,10,3,neutral,medium,statement,2026-05-09
C335,F0631,23524,23,18,0,neutral,high,call,2026-05-09
C343,F0632,17512,14,18,3,positive,medium,statement,2026-05-03
C420,F0633,34397,17,5,2,neutral,high,call,2026-05-23
C342,F0634,30490,3,11,2,neutral,medium,statement,2026-05-18
C297,F0635,45664,18,3,0,neutral,high,call,2026-05-18
C40,F0636,30165,18,13,3,negative,high,call,2026-06-09
C92,F0637,29266,21,4,3,positive,high,call,2026-05-28
C215,F0638,37071,21,10,1,positive,high,call,2026-05-18
C205,F0639,14269,11,7,0,neutral,medium,statement,2026-05-16
C23,F0640,34472,18,10,1,positive,high,call,2026-06-01
C247,F0641,15097,2,6,2,positive,low,reminder,2026-05-27
C300,F0642,28488,27,6,2,negative,high,call,2026-05-06
C69,F0643,46979,24,15,1,negative,high,call,2026-06-07
C84,F0644,9212,21,5,1,positive,high,call,2026-06-24
C30,F0645,33086,4,7,2,negative,high,call,2026-05-10
C443,F0646,29456,30,6,0,positive,high,call,2026-06-22
C275,F0647,8340,12,17,3,positive,medium,statement,2026-05-07
C281,F0648,20116,14,19,1,positive,medium,statement,2026-06-01
C195,F0649,18198,12,10,0,negative,high,call,2026-05-26
C38,F0650,47644,26,20,0,positive,high,call,2026-05-09
C301,F0651,30631,30,7,0,positive,high,call,2026-05-29
C7,F0652,39460,7,8,0,positive,medium,statement,2026-05-12
C96,F0653,5942,25,19,0,neutral,high,call,2026-05-13
C331,F0654,26821,23,15,1,neutral,high,call,2026-05-21
C454,F0655,29686,21,12,1,positive,high,call,2026-06-20
C351,F0656,35661,29,5,3,neutral,high,call,2026-05-06
C220,F0657,18378,22,9,2,neutral,high,call,2026-06-05
C423,F0658,10567,30,3,2,positive,high,call,2026-05-17
C83,F0659,38054,26,5,3,negative,high,call,2026-05-14
C119,F0660,42277,11,12,2,neutral,medium,statement,2026-06-28
C116,F0661,19110,7,7,0,neutral,medium,statement,2026-06-19
C320,F0662,7550,0,2,3,neutral,medium,statement,2026-06-08
C184,F0663,47431,21,6,3,negative,high,call,2026-06-17
C390,F0664,27817,4,13,1,positive,low,reminder,2026-06-21
C99,F0665,27870,21,17,1,negative,high,call,2026-05-21
C42,F0666,21252,4,4,0,positive,low,reminder,2026-06-03
C332,F0667,26045,19,9,3,negative,high,call,2026-05-04
C13,F0668,13221,5,5,0,neutral,medium,statement,2026-05-08
C449,F0669,8400,1,7,2,positive,low,reminder,2026-05-07
C244,F0670,20203,3,10,2,neutral,medium,statement,2026-06-14
C186,F0671,9858,12,16,2,positive,medium,statement,2026-05-18
C250,F0672,32081,26,17,0,negative,high,call,2026-06-22
C211,F0673,11623,27,20,3,neutral,high,call,2026-06-03
C399,F0674,31357,16,7,3,neutral,high,call,2026-05-06
C130,F0675,48527,6,6,0,negative,high,call,2026-06-19
C71,F0676,36998,5,6,1,neutral,medium,statement,2026-05-13
C210,F0677,29627,25,7,1,negative,high,call,2026-05-31
C45,F0678,31579,16,16,3,neutral,high,call,2026-05-02
C293,F0679,8765,20,20,1,neutral,high,call,2026-06-22
C68,F0680,28122,26,8,1,negative,high,call,2026-06-27
C240,F0681,28408,25,2,0,positive,high,call,2026-06-14
C245,F0682,20838,20,9,2,neutral,high,call,2026-06-18
C180,F0683,21005,2,9,2,positive,low,reminder,2026-06-29
C272,F0684,7242,0,14,1,negative,high,call,2026-05-15
C7,F0685,28743,22,12,3,positive,high,call,2026-05-21
C492,F0686,37077,12,5,1,neutral,medium,statement,2026-05-28
C159,F0687,18874,11,7,0,negative,high,call,2026-06-21
C332,F0688,16959,13,7,1,neutral,medium,statement,2026-05-10
C406,F0689,13968,9,16,2,neutral,medium,statement,2026-05-02
C208,F0690,20024,20,4,2,neutral,high,call,2026-05-06
C219,F0691,33313,24,5,2,positive,high,call,2026-06-07
C326,F0692,15820,22,10,1,neutral,high,call,2026-06-24
C476,F0693,8426,9,4,2,negative,high,call,2026-05-07
C128,F0694,49782,3,9,3,negative,high,call,2026-06-22
C135,F0695,13084,22,14,1,positive,high,call,2026-06-27
C481,F0696,45822,29,12,2,positive,high,call,2026-05-01
C408,F0697,43988,19,3,0,negative,high,call,2026-06-17
C121,F0698,18329,19,9,0,negative,high,call,2026-06-24
C478,F0699,8660,19,10,2,positive,high,call,2026-06-08
C303,F0700,31843,18,16,2,positive,high,call,2026-05-12
C451,F0701,39915,4,11,0,positive,low,reminder,2026-06-17
C176,F0702,43033,20,5,1,negative,high,call,2026-05-17
C103,F0703,42380,24,10,0,negative,high,call,2026-06-09
C161,F0704,29295,7,9,2,positive,medium,statement,2026-06-12
C273,F0705,15504,10,19,2,positive,medium,statement,2026-06-13
C427,F0706,30649,12,4,0,neutral,medium,statement,2026-05-14
C321,F0707,20380,30,8,1,negative,high,call,2026-06-07
C134,F0708,8748,22,11,2,negative,high,call,2026-06-24
C294,F0709,44237,29,4,1,positive,high,call,2026-05-15
C37,F0710,48512,7,9,1,positive,medium,statement,2026-06-23
C369,F0711,23076,21,8,2,negative,high,call,2026-05-01
C68,F0712,42856,5,15,1,negative,high,call,2026-06-15
C413,F0713,19018,15,7,3,negative,high,call,2026-05-29
C55,F0714,31002,10,19,2,negative,high,call,2026-06-29
C17,F0715,25081,30,13,0,positive,high,call,2026-05-18
C183,F0716,44100,2,2,3,neutral,medium,statement,2026-05-04
C241,F0717,45408,2,16,0,neutral,medium,statement,2026-05-22
C22,F0718,14687,13,8,1,neutral,medium,statement,2026-05-01
C188,F0719,13327,2,4,2,negative,high,call,2026-05-06
C383,F0720,37643,30,7,2,positive,high,call,2026-05-21
C273,F0721,43066,6,19,0,positive,medium,statement,2026-06-30
C344,F0722,49163,4,20,2,positive,low,reminder,2026-06-28
C433,F0723,49896,16,3,2,positive,high,call,2026-05-05
C332,F0724,37525,28,12,3,positive,high,call,2026-06-09
C103,F0725,7974,11,7,1,neutral,medium,statement,2026-06-12
C396,F0726,11097,25,14,3,negative,high,call,2026-06-19
C253,F0727,30084,14,5,1,positive,medium,statement,2026-05-07
C354,F0728,17044,23,6,0,positive,high,call,2026-05-29
C457,F0729,26350,11,5,2,positive,medium,statement,2026-05-01
C215,F0730,38090,19,8,0,positive,high,call,2026-06-02
C130,F0731,29859,10,12,3,neutral,medium,statement,2026-06-11
C411,F0732,47076,9,9,3,neutral,medium,statement,2026-06-18
C481,F0733,47828,9,14,2,neutral,medium,statement,2026-05-27
C252,F0734,22151,13,7,2,positive,medium,statement,2026-06-29
C344,F0735,38786,4,19,0,neutral,medium,statement,2026-05-27
C365,F0736,16205,0,10,0,neutral,medium,statement,2026-05-21
C85,F0737,26500,2,9,3,negative,high,call,2026-05-25
C495,F0738,33509,5,19,2,positive,medium,statement,2026-06-17
C420,F0739,15560,3,5,0,positive,low,reminder,2026-05-11
C234,F0740,49076,26,16,3,negative,high,call,2026-06-08
C284,F0741,48813,9,12,2,positive,medium,statement,2026-05-31
C373,F0742,11328,19,3,2,positive,high,call,2026-05-29
C11,F0743,19947,10,8,2,positive,medium,statement,2026-06-14
C283,F0744,25450,6,5,3,positive,medium,statement,2026-05-24
C497,F0745,30972,21,12,1,neutral,high,call,2026-06-12
C172,F0746,30004,29,6,1,positive,high,call,2026-06-28
C283,F0747,40534,18,11,0,negative,high,call,2026-06-21
C38,F0748,9426,17,6,2,negative,high,call,2026-05-30
C42,F0749,15836,27,5,0,neutral,high,call,2026-06-19
C58,F0750,44056,5,13,3,positive,medium,statement,2026-05-05
C440,F0751,32596,28,4,0,negative,high,call,2026-05-02
C442,F0752,29705,8,8,1,positive,medium,statement,2026-06-24
C368,F0753,38433,15,9,3,negative,high,call,2026-05-04
C441,F0754,15639,10,7,1,positive,medium,statement,2026-06-01
C233,F0755,9240,4,14,0,positive,low,reminder,2026-06-20
C164,F0756,42382,6,18,1,negative,high,call,2026-06-23
C376,F0757,49307,19,3,2,negative,high,call,2026-06-19
C58,F0758,32621,14,12,0,positive,medium,statement,2026-06-08
C173,F0759,46794,7,12,0,positive,medium,statement,2026-06-14
C232,F0760,15685,25,7,0,negative,high,call,2026-05-16
C447,F0761,29002,4,3,3,negative,high,call,2026-06-22
C20,F0762,32810,25,9,1,neutral,high,call,2026-05-20
C428,F0763,27023,12,16,3,positive,medium,statement,2026-06-07
C117,F0764,12185,3,11,0,negative,high,call,2026-05-10
C105,F0765,38803,15,14,1,positive,medium,statement,2026-05-16
C150,F0766,48004,27,18,1,neutral,high,call,2026-05-03
C367,F0767,22106,14,5,3,positive,medium,statement,2026-05-13
C348,F0768,14906,20,6,0,positive,high,call,2026-05-17
C429,F0769,34185,14,18,0,negative,high,call,2026-05-20
C348,F0770,26057,7,5,3,positive,medium,statement,2026-06-10
C227,F0771,13449,12,15,2,neutral,medium,statement,2026-06-02
C154,F0772,47972,11,5,0,neutral,medium,statement,2026-05-25
C27,F0773,28431,23,13,0,negative,high,call,2026-06-05
C8,F0774,30850,23,11,3,negative,high,call,2026-05-17
C85,F0775,47798,23,6,1,neutral,high,call,2026-06-02
C180,F0776,40562,10,14,2,neutral,medium,statement,2026-05-22
C385,F0777,40540,27,7,0,positive,high,call,2026-05-16
C340,F0778,7972,25,7,3,positive,high,call,2026-06-29
C420,F0779,42326,19,19,0,neutral,high,call,2026-05-14
C60,F0780,39948,18,19,3,positive,high,call,2026-05-14
C495,F0781,49504,7,7,1,positive,medium,statement,2026-05-16
C282,F0782,29006,23,15,3,positive,high,call,2026-06-03
C468,F0783,41753,5,3,0,neutral,medium,statement,2026-05-22
C148,F0784,22295,11,19,1,negative,high,call,2026-06-16
C441,F0785,25945,30,13,3,negative,high,call,2026-06-10
C203,F0786,33219,13,3,3,positive,medium,statement,2026-05-07
C276,F0787,40624,0,7,3,positive,low,reminder,2026-05-23
C93,F0788,38856,0,8,1,positive,low,reminder,2026-06-11
C264,F0789,31233,29,9,0,positive,high,call,2026-05-09
C394,F0790,14681,6,11,1,neutral,medium,statement,2026-06-19
C364,F0791,8226,22,10,0,neutral,high,call,2026-05-31
C138,F0792,44135,30,3,2,neutral,high,call,2026-06-21
C345,F0793,27699,4,9,1,negative,high,call,2026-05-21
C426,F0794,22744,8,18,0,neutral,medium,statement,2026-05-31
C225,F0795,32153,30,3,3,negative,high,call,2026-05-03
C52,F0796,32311,17,15,1,negative,high,call,2026-05-09
C234,F0797,5702,16,20,2,positive,high,call,2026-05-23
C198,F0798,11019,29,3,2,neutral,high,call,2026-06-04
C392,F0799,9513,6,5,3,positive,medium,statement,2026-05-04
C152,F0800,32975,25,6,1,negative,high,call,2026-06-05
C214,F0801,29155,26,3,0,neutral,high,call,2026-06-09
C261,F0802,8988,4,9,1,positive,low,reminder,2026-05-08
C222,F0803,31424,15,7,3,positive,medium,statement,2026-05-14
C219,F0804,15553,6,11,2,negative,high,call,2026-06-30
C59,F0805,8007,6,7,0,negative,high,call,2026-05-24
C159,F0806,13823,10,11,0,positive,medium,statement,2026-05-17
C251,F0807,21961,25,10,1,negative,high,call,2026-05-31
C498,F0808,21267,20,17,1,neutral,high,call,2026-05-04
C207,F0809,39254,18,9,1,positive,high,call,2026-06-01
C382,F0810,19100,11,16,1,positive,medium,statement,2026-06-28
C405,F0811,48902,28,13,2,neutral,high,call,2026-06-15
C341,F0812,20314,7,2,3,positive,medium,statement,2026-06-05
C30,F0813,27474,4,9,0,neutral,medium,statement,2026-06-10
C326,F0814,7790,7,19,2,positive,medium,statement,2026-05-20
C412,F0815,26251,29,6,1,negative,high,call,2026-05-09
C398,F0816,37959,28,10,1,positive,high,call,2026-05-19
C401,F0817,22807,8,3,3,positive,medium,statement,2026-05-01
C52,F0818,8263,23,13,0,negative,high,call,2026-05-16
C446,F0819,5316,17,5,0,neutral,high,call,2026-06-12
C386,F0820,6007,30,15,3,negative,high,call,2026-05-01
C133,F0821,10343,20,13,2,negative,high,call,2026-06-20
C485,F0822,37583,30,11,3,neutral,high,call,2026-06-17
C46,F0823,39879,9,19,3,neutral,medium,statement,2026-05-26
C499,F0824,22610,23,17,2,negative,high,call,2026-05-18
C194,F0825,31420,25,8,1,negative,high,call,2026-06-12
C144,F0826,22955,4,17,1,positive,low,reminder,2026-06-11
C276,F0827,5291,16,18,1,positive,high,call,2026-05-24
C19,F0828,41820,30,18,1,negative,high,call,2026-06-16
C297,F0829,23958,24,20,2,positive,high,call,2026-06-24
C281,F0830,48995,18,2,3,positive,high,call,2026-06-24
C324,F0831,25273,30,17,1,negative,high,call,2026-06-27
C112,F0832,41189,26,2,1,positive,high,call,2026-06-08
C80,F0833,11696,16,6,3,neutral,high,call,2026-06-22
C52,F0834,14170,17,4,3,negative,high,call,2026-06-30
C21,F0835,11361,13,8,0,negative,high,call,2026-05-18
C323,F0836,17490,29,17,2,positive,high,call,2026-06-21
C211,F0837,45890,24,6,2,positive,high,call,2026-05-25
C191,F0838,11431,21,12,3,negative,high,call,2026-05-11
C65,F0839,13189,30,9,0,negative,high,call,2026-06-17
C162,F0840,22293,1,2,0,positive,low,reminder,2026-05-01
C337,F0841,17652,4,20,3,positive,low,reminder,2026-05-25
C233,F0842,25945,28,18,0,positive,high,call,2026-06-14
C387,F0843,32226,5,3,0,negative,high,call,2026-05-08
C91,F0844,49170,5,4,0,positive,medium,statement,2026-05-09
C326,F0845,11648,26,14,3,negative,high,call,2026-06-23
C67,F0846,24219,5,6,0,neutral,medium,statement,2026-05-18
C344,F0847,42505,3,2,2,neutral,medium,statement,2026-06-11
C438,F0848,9334,18,17,1,positive,high,call,2026-06-25
C321,F0849,6848,5,4,1,positive,medium,statement,2026-06-22
C145,F0850,41246,13,7,3,neutral,medium,statement,2026-06-26
C484,F0851,24015,12,2,1,negative,high,call,2026-06-27
C385,F0852,39542,18,19,1,negative,high,call,2026-06-16
C110,F0853,47624,28,18,0,positive,high,call,2026-05-21
C426,F0854,49375,13,14,3,negative,high,call,2026-05-15
C361,F0855,49331,12,12,0,neutral,medium,statement,2026-06-04
C450,F0856,38587,8,20,0,negative,high,call,2026-06-06
C411,F0857,24191,20,10,2,negative,high,call,2026-05-29
C14,F0858,12398,14,15,0,negative,high,call,2026-05-10
C215,F0859,14579,19,3,3,neutral,high,call,2026-05-27
C406,F0860,7841,17,15,1,negative,high,call,2026-05-23
C300,F0861,29370,30,19,3,negative,high,call,2026-05-14
C78,F0862,45468,30,6,2,neutral,high,call,2026-05-24
C478,F0863,19463,17,19,2,negative,high,call,2026-06-16
C134,F0864,30631,11,8,3,positive,medium,statement,2026-06-18
C187,F0865,48309,25,14,0,negative,high,call,2026-05-14
C88,F0866,43275,8,5,0,negative,high,call,2026-06-23
C19,F0867,46510,10,14,3,neutral,medium,statement,2026-06-12
C40,F0868,27105,24,16,3,neutral,high,call,2026-06-27
C237,F0869,39831,17,19,0,neutral,high,call,2026-06-21
C348,F0870,6186,27,10,3,neutral,high,call,2026-05-17
C198,F0871,14391,26,7,0,neutral,high,call,2026-05-09
C343,F0872,22971,22,6,3,positive,high,call,2026-05-20
C359,F0873,22234,19,7,0,positive,high,call,2026-05-14
C310,F0874,12809,3,10,2,neutral,medium,statement,2026-06-04
C451,F0875,19195,25,20,0,neutral,high,call,2026-05-30
C393,F0876,40692,14,19,0,positive,medium,statement,2026-06-25
C72,F0877,32914,17,16,1,negative,high,call,2026-05-27
C218,F0878,11233,30,9,1,positive,high,call,2026-05-20
C298,F0879,19997,20,13,1,positive,high,call,2026-05-02
C417,F0880,45623,29,19,3,neutral,high,call,2026-06-14
C458,F0881,43851,9,15,2,neutral,medium,statement,2026-06-11
C17,F0882,35276,11,4,3,negative,high,call,2026-06-20
C304,F0883,47439,3,17,3,positive,low,reminder,2026-05-02
C316,F0884,20785,23,11,1,neutral,high,call,2026-05-19
C304,F0885,20894,25,13,3,negative,high,call,2026-06-11
C147,F0886,15642,18,5,1,negative,high,call,2026-05-24
C239,F0887,11680,29,10,3,negative,high,call,2026-05-12
C19,F0888,35664,23,7,2,positive,high,call,2026-05-22
C229,F0889,24798,30,10,0,neutral,high,call,2026-06-13
C336,F0890,12025,11,12,1,negative,high,call,2026-05-02
C154,F0891,23979,7,8,0,neutral,medium,statement,2026-05-12
C463,F0892,8002,6,7,2,negative,high,call,2026-06-10
C347,F0893,21074,12,3,3,negative,high,call,2026-05-19
C384,F0894,7453,15,2,2,positive,medium,statement,2026-06-20
C374,F0895,45946,13,12,0,neutral,medium,statement,2026-06-07
C102,F0896,37359,30,17,1,positive,high,call,2026-06-23
C187,F0897,31636,18,7,1,neutral,high,call,2026-06-07
C450,F0898,28489,13,10,3,positive,medium,statement,2026-06-15
C100,F0899,40441,12,18,2,negative,high,call,2026-05-31
C252,F0900,45777,7,16,0,neutral,medium,statement,2026-06-08
C296,F0901,18535,26,14,3,neutral,high,call,2026-05-31
C137,F0902,26370,30,12,3,negative,high,call,2026-06-11
C497,F0903,31432,27,3,1,positive,high,call,2026-06-11
C148,F0904,25706,19,14,3,positive,high,call,2026-05-16
C89,F0905,13974,22,4,1,positive,high,call,2026-06-25
C22,F0906,31929,8,12,1,positive,medium,statement,2026-05-27
C134,F0907,12553,5,18,0,neutral,medium,statement,2026-05-14
C323,F0908,22782,4,8,2,positive,low,reminder,2026-05-01
C281,F0909,17473,14,18,1,negative,high,call,2026-05-10
C155,F0910,42341,1,17,2,positive,low,reminder,2026-06-29
C38,F0911,38831,5,7,3,neutral,medium,statement,2026-06-01
C73,F0912,40661,15,11,1,positive,medium,statement,2026-06-09
C488,F0913,27147,6,10,1,positive,medium,statement,2026-05-16
C170,F0914,39094,23,16,2,neutral,high,call,2026-05-20
C455,F0915,38273,3,4,3,neutral,medium,statement,2026-05-15
C154,F0916,47391,16,15,0,neutral,high,call,2026-05-31
C160,F0917,28462,20,12,0,positive,high,call,2026-05-11
C312,F0918,24262,28,4,1,neutral,high,call,2026-06-21
C246,F0919,21139,23,3,3,positive,high,call,2026-05-31
C42,F0920,25624,8,8,0,positive,medium,statement,2026-05-04
C452,F0921,41935,30,13,2,neutral,high,call,2026-06-08
C216,F0922,45894,26,15,0,positive,high,call,2026-06-17
C491,F0923,20941,10,17,1,positive,medium,statement,2026-05-20
C299,F0924,30070,17,6,0,neutral,high,call,2026-05-26
C64,F0925,41054,8,3,2,positive,medium,statement,2026-05-23
C334,F0926,12442,29,18,2,positive,high,call,2026-05-09
C448,F0927,13754,16,16,3,neutral,high,call,2026-06-30
C82,F0928,5386,15,11,2,negative,high,call,2026-06-13
C283,F0929,10553,3,20,3,negative,high,call,2026-06-04
C362,F0930,32374,11,19,2,neutral,medium,statement,2026-06-05
C466,F0931,16662,8,13,0,neutral,medium,statement,2026-06-26
C361,F0932,28888,24,4,1,negative,high,call,2026-05-24
C223,F0933,48071,0,2,0,negative,high,call,2026-05-26
C161,F0934,26306,27,19,3,negative,high,call,2026-06-02
C420,F0935,9784,10,16,0,neutral,medium,statement,2026-05-04
C51,F0936,10878,4,5,1,positive,low,reminder,2026-05-31
C211,F0937,30691,25,15,3,negative,high,call,2026-06-13
C78,F0938,27395,14,16,2,negative,high,call,2026-06-28
C162,F0939,43785,5,17,3,positive,medium,statement,2026-06-09
C391,F0940,21683,4,2,0,neutral,medium,statement,2026-05-16
C100,F0941,30966,3,9,1,negative,high,call,2026-05-29
C266,F0942,16513,5,9,3,positive,medium,statement,2026-06-03
C119,F0943,27235,23,13,2,negative,high,call,2026-06-18
C11,F0944,9011,5,5,1,negative,high,call,2026-06-19
C329,F0945,44263,27,15,0,negative,high,call,2026-05-24
C7,F0946,19475,1,4,3,neutral,medium,statement,2026-06-16
C427,F0947,34363,25,9,3,positive,high,call,2026-06-01
C466,F0948,46994,5,19,0,positive,medium,statement,2026-05-16
C222,F0949,15892,26,12,1,positive,high,call,2026-06-26
C1,F0950,19407,0,19,2,negative,high,call,2026-06-20
C207,F0951,31382,8,20,1,negative,high,call,2026-06-30
C424,F0952,31709,12,8,2,positive,medium,statement,2026-06-20
C152,F0953,46526,19,13,1,positive,high,call,2026-06-23
C388,F0954,27232,30,8,0,negative,high,call,2026-06-30
C344,F0955,26841,26,6,2,positive,high,call,2026-05-14
C121,F0956,9563,14,12,2,negative,high,call,2026-05-22
C39,F0957,49141,1,6,0,positive,low,reminder,2026-06-11
C459,F0958,27883,15,10,3,negative,high,call,2026-05-09
C350,F0959,26511,27,4,0,negative,high,call,2026-06-26
C213,F0960,30012,17,8,0,neutral,high,call,2026-05-18
C385,F0961,25199,4,12,0,negative,high,call,2026-06-01
C371,F0962,27819,15,16,1,negative,high,call,2026-06-08
C40,F0963,18991,11,5,2,neutral,medium,statement,2026-05-29
C282,F0964,11062,21,16,0,positive,high,call,2026-06-29
C243,F0965,17621,0,18,1,negative,high,call,2026-06-26
C180,F0966,12131,20,6,1,neutral,high,call,2026-05-16
C60,F0967,48433,14,8,2,positive,medium,statement,2026-06-04
C305,F0968,42510,3,15,0,negative,high,call,2026-06-12
C121,F0969,6993,28,7,2,positive,high,call,2026-05-19
C45,F0970,35217,0,11,1,neutral,medium,statement,2026-05-12
C367,F0971,41042,13,3,0,neutral,medium,statement,2026-05-17
C91,F0972,8522,5,10,2,neutral,medium,statement,2026-06-14
C430,F0973,18666,9,20,0,negative,high,call,2026-05-06
C29,F0974,15658,11,13,1,neutral,medium,statement,2026-06-19
C30,F0975,19573,0,10,3,positive,low,reminder,2026-06-09
C360,F0976,30257,24,5,0,neutral,high,call,2026-05-14
C296,F0977,46048,22,3,2,negative,high,call,2026-05-31
C221,F0978,21178,3,11,0,negative,high,call,2026-05-24
C393,F0979,43690,19,3,1,negative,high,call,2026-06-10
C349,F0980,46260,4,4,2,negative,high,call,2026-05-13
C80,F0981,49667,20,13,1,negative,high,call,2026-05-01
C438,F0982,27541,2,2,0,neutral,medium,statement,2026-06-20
C495,F0983,48956,15,9,1,negative,high,call,2026-06-28
C57,F0984,40414,1,15,1,neutral,medium,statement,2026-05-30
C156,F0985,18582,23,15,3,positive,high,call,2026-06-05
C278,F0986,20311,15,6,3,neutral,medium,statement,2026-06-28
C490,F0987,22683,21,9,2,positive,high,call,2026-06-23
C207,F0988,29402,5,2,2,positive,medium,statement,2026-06-06
C44,F0989,30432,7,5,2,positive,medium,statement,2026-05-02
C370,F0990,15613,22,10,3,negative,high,call,2026-06-04
C430,F0991,20629,2,18,3,negative,high,call,2026-06-27
C233,F0992,37583,11,20,0,positive,medium,statement,2026-06-26
C245,F0993,10716,8,6,0,positive,medium,statement,2026-05-19
C224,F0994,48464,27,7,3,neutral,high,call,2026-05-22
C424,F0995,23111,22,11,3,neutral,high,call,2026-05-11
C396,F0996,6536,13,18,1,neutral,medium,statement,2026-06-19
C390,F0997,8740,16,18,2,negative,high,call,2026-06-09
C379,F0998,6016,3,15,1,neutral,medium,statement,2026-05-28
C239,F0999,25937,27,13,3,negative,high,call,2026-06-15
C447,F1000,5928,4,4,3,negative,high,call,2026-06-10
